N,cores,AMR_on,run_id,walltime_sec
768,1,0,r1,69.45244896
768,1,0,r2,69.756103
768,1,0,r3,69.61782254
1536,1,0,r1,572.0700452
1536,1,0,r2,573.4422698
1536,1,0,r3,573.0834453
3072,1,0,r1,4683.593341
3072,1,0,r2,4595.165286
3072,1,0,r3,4581.975855
