base_N,effective_N,max_level,cores,AMR_on,run_id,walltime_sec,level0_coverage_pct,level1_coverage_pct,level2_coverage_pct
768,1536,1,1,1,r1,135.7767582,100.000000,5.510000,0.000000
768,3072,2,1,1,r1,315.358832,100.000000,8.160000,3.470000
768,3072,2,1,1,r2,315.0299775,100.000000,8.160000,3.470000
768,3072,2,1,1,r3,314.7360935,100.000000,8.160000,3.470000
